thr201_o-cym202_sg-dist,thr201_hg1_og1_cb_cg2-dihedral,ser203_og_cb_ca_n-dihedral,ser203_hg_og_cb_ca-dihedral,cro65_og1_cb1_ca1_c1-dihedral,cym202_c-ser203_n_ca_cb-dihedral,ser203_h-asn144_o-dist,system_label,distance,traj_idx
3.15,,,,,,,rogfp,5.3739547729581005e-05,90752
3.15,,,,,,,rogfp_cu,3.3378601083100534e-07,51800
3.56,,,,,,,rogfp,6.580352782670218e-07,4516
3.56,,,,,,,rogfp_cu,3.737449645990765e-05,90580
,-124.86,,,,,,rogfp,2.138497418835428e-05,118206
,-124.86,,,,,,rogfp_cu,2.8544995260837425e-06,23606
,44.5,,,,,,rogfp,6.549683141399143e-06,90384
,44.5,,,,,,rogfp_cu,6.2536362972487325e-06,97834
,116.58,,,,,,rogfp,1.761189727567114e-05,142257
,116.58,,,,,,rogfp_cu,1.7750540193262054e-07,98531
,,-169.55,,,,,rogfp,1.860034487322082e-06,50552
,,-169.55,,,,,rogfp_cu,8.241664390506998e-06,2928
,,-73.33,,,,,rogfp,1.3047375180263998e-06,123027
,,-73.33,,,,,rogfp_cu,9.341000828388956e-07,25219
,,-5.95,,,,,rogfp,7.838892021609645e-05,58108
,,-5.95,,,,,rogfp_cu,8.225711851797546e-05,28405
,,69.73,,,,,rogfp,0.0001013806063943,33765
,,69.73,,,,,rogfp_cu,0.0001015007390228,100199
,,,-132.79,,,,rogfp,9.65742809668768e-05,86660
,,,-132.79,,,,rogfp_cu,4.127060324332632e-05,384
,,,-82.7,,,,rogfp,0.0003942049930456,51616
,,,-82.7,,,,rogfp_cu,3.05746238757898e-05,46398
,,,-66.13,,,,rogfp,0.0001192157596248,67694
,,,-66.13,,,,rogfp_cu,2.435692334534778e-05,60128
,,,58.2,,,,rogfp,2.65989278891432e-06,75216
,,,58.2,,,,rogfp_cu,9.21727655756044e-07,101208
,,,135.32,,,,rogfp,3.767879193716794e-05,75873
,,,135.32,,,,rogfp_cu,1.3513381093677168e-05,37967
,,,,-174.95,,,rogfp,8.66726225012826e-07,55841
,,,,-174.95,,,rogfp_cu,5.208495434949612e-07,79768
,,,,-68.29,,,rogfp,1.1836719462365863e-06,87597
,,,,-68.29,,,rogfp_cu,5.269101432947565e-07,36683
,,,,48.11,,,rogfp,2.1014800822838357e-06,3999
,,,,48.11,,,rogfp_cu,3.82021540401567e-07,138120
,,,,,-178.56,,rogfp,2.618323776015785e-06,69602
,,,,,-178.56,,rogfp_cu,7.800814998404348e-06,10009
,,,,,-79.82,,rogfp,1.2591197548150744e-05,102032
,,,,,-79.82,,rogfp_cu,4.8031169495033055e-06,115404
,,,,,-71.89,,rogfp,2.103787745655339e-05,126577
,,,,,-71.89,,rogfp_cu,4.247031171189519e-09,68049
,,,,,126.31,,rogfp,4.727253900327355e-05,534
,,,,,126.31,,rogfp_cu,0.0001698970094365,30350
,,,,,,2.07,rogfp,8.754730224769247e-06,4744
,,,,,,2.07,rogfp_cu,0.9349636363983156,85833
,,,,,,5.24,rogfp,7.400512695099337e-06,55299
,,,,,,5.24,rogfp_cu,5.493164062286837e-06,11193
,,,,,,6.16,rogfp,3.9672851563921085e-06,138262
,,,,,,6.16,rogfp_cu,2.708435058451641e-06,95342
